Country,Disaster Type,Start Year,Total Affected
Philippines,Volcanic activity,2022,10415.0
Ecuador,Earthquake,2022,7804.0
Ecuador,Flood,2022,108.0
Australia,Flood,2022,6012.0
United States of America,Storm,2022,90.0
Brazil,Flood,2022,31500.0
Somalia,Fire (Miscellaneous),2022,12028.0
Colombia,Flood,2022,5514.0
Tunisia,Flood,2022,4000.0
Philippines,Flood,2022,1955.0
Thailand,Flood,2022,108500.0
Colombia,Flood,2022,25.0
Timor-Leste,Epidemic,2022,1353.0
Philippines,Storm,2022,2298788.0
South Africa,Flood,2022,142290.0
Egypt,Road,2022,14.0
United States of America,Storm,2022,43.0
United States of America,Wildfire,2022,649.0
Zimbabwe,Road,2022,71.0
Iraq,Road,2022,2.0
India,Storm,2022,95000.0
Poland,Explosion (Industrial),2022,21.0
Colombia,Flood,2022,8101.0
Uzbekistan,Flood,2022,165.0
Bosnia and Herzegovina,Earthquake,2022,1052.0
Rwanda,Flood,2022,513.0
Tunisia,Water,2022,97.0
Madagascar,Storm,2022,4800.0
India,Miscellaneous accident (General),2022,15.0
United States of America,Wildfire,2022,894.0
Venezuela (Bolivarian Republic of),Flood,2022,86800.0
Democratic Republic of the Congo,Epidemic,2022,607.0
Nigeria,Storm,2022,1500.0
United Republic of Tanzania,Flood,2022,3500.0
Iraq,Storm,2022,5000.0
United States of America,Storm,2022,306.0
Ecuador,Flood,2022,26749.0
Democratic Republic of the Congo,Epidemic,2022,141.0
Afghanistan,Flood,2022,810.0
Brazil,Flood,2022,44000.0
Canada,Flood,2022,1000.0
China,Collapse (Miscellaneous),2022,10.0
Ukraine,Road,2022,12.0
Thailand,Storm,2022,1050.0
Cuba,Explosion (Miscellaneous),2022,54.0
Ghana,Water,2022,15.0
Russian Federation,Wildfire,2022,2202.0
Liberia,Epidemic,2022,5528.0
Puerto Rico,Water,2022,31.0
India,Fire (Miscellaneous),2022,25.0
Viet Nam,Storm,2022,500.0
India,Flood,2022,1301260.0
Canada,Flood,2022,1000.0
Thailand,Flood,2022,1380.0
Iran (Islamic Republic of),Collapse (Industrial),2022,37.0
Myanmar,Water,2022,35.0
South Africa,Flood,2022,200.0
Philippines,Water,2022,120.0
Suriname,Flood,2022,9000.0
Guatemala,Flood,2022,2890023.0
Brazil,Flood,2022,24304.0
United Republic of Tanzania,Epidemic,2022,57083.0
Viet Nam,Flood,2022,2554.0
Pakistan,Wildfire,2022,4004.0
Indonesia,Flood,2022,17201.0
United States of America,Storm,2022,12.0
Thailand,Flood,2022,3900.0
Colombia,Flood,2022,5000.0
Indonesia,Water,2022,31.0
Somalia,Flood,2022,4416.0
China,Earthquake,2022,13541.0
Sri Lanka,Storm,2022,22338.0
Cameroon,Flood,2022,153095.0
Bangladesh,Flood,2022,7200000.0
Afghanistan,Earthquake,2022,364623.0
Russian Federation,Storm,2022,300.0
CÃ´te dâIvoire,Flood,2022,11592.0
Nepal,Storm,2022,544.0
Spain,Wildfire,2022,3500.0
South Africa,Flood,2022,204.0
TÃ¼rkiye,Flood,2022,115.0
United States of America,Flood,2022,600.0
Cuba,Flood,2022,2300.0
Cuba,Storm,2022,6780.0
France,Storm,2022,60015.0
Guyana,Flood,2022,500.0
United States of America,Road,2022,11.0
Libya,Water,2022,10.0
Jordan,Gas leak,2022,206.0
Senegal,Water,2022,21.0
Togo,Road,2022,15.0
Colombia,Collapse (Miscellaneous),2022,300.0
India,Road,2022,7.0
Pakistan,Road,2022,1.0
Iran (Islamic Republic of),Rail,2022,86.0
Australia,Flood,2022,85000.0
Japan,Storm,2022,392.0
Nicaragua,Storm,2022,3012.0
El Salvador,Storm,2022,100.0
Iran (Islamic Republic of),Earthquake,2022,22300.0
Pakistan,Flood,2022,33012865.0
Ecuador,Flood,2022,600.0
Greece,Wildfire,2022,55000.0
Malaysia,Flood,2022,228.0
Brazil,Flood,2022,67500.0
China,Earthquake,2022,784.0
Portugal,Wildfire,2022,187.0
Indonesia,Flood,2022,3126.0
Japan,Extreme temperature,2022,14300.0
Republic of Korea,Extreme temperature,2022,355.0
Nepal,Epidemic,2022,30000.0
Georgia,Flood,2022,5200.0
China,Flood,2022,3000.0
Peru,Earthquake,2022,302.0
Egypt,Road,2022,33.0
Mexico,Air,2022,1.0
Afghanistan,Flood,2022,14554.0
Yemen,Flood,2022,41000.0
Sudan,Flood,2022,349122.0
Niger,Flood,2022,322185.0
Philippines,Earthquake,2022,502856.0
Central African Republic,Flood,2022,118003.0
Afghanistan,Flood,2022,20.0
Yemen,Flood,2022,175000.0
Nigeria,Explosion (Miscellaneous),2022,4.0
Bahamas,Water,2022,25.0
China,Collapse (Industrial),2022,7.0
Kyrgyzstan,Extreme temperature,2022,13850.0
Russian Federation,Flood,2022,750.0
Thailand,Flood,2022,2300.0
Iran (Islamic Republic of),Flood,2022,126775.0
United States of America,Flood,2022,475.0
Uganda,Flood,2022,78338.0
CÃ´te dâIvoire,Road,2022,5.0
Peru,Road,2022,1.0
United States of America,Wildfire,2022,595.0
India,Gas leak,2022,112.0
Nepal,Mass movement (wet),2022,550.0
Sri Lanka,Flood,2022,82391.0
Gambia,Flood,2022,17201.0
Nepal,Flood,2022,5500.0
Japan,Flood,2022,11108.0
Mongolia,Flood,2022,4269.0
Senegal,Flood,2022,20010.0
Republic of Korea,Flood,2022,11418.0
Yemen,Flood,2022,3400.0
Cuba,Fire (Industrial),2022,22.0
Bosnia and Herzegovina,Road,2022,30.0
Thailand,Fire (Miscellaneous),2022,40.0
Chad,Flood,2022,1100229.0
Afghanistan,Flood,2022,250024.0
Lao People's Democratic Republic,Flood,2022,42552.0
Thailand,Flood,2022,63100.0
Venezuela (Bolivarian Republic of),Flood,2022,2000.0
Algeria,Wildfire,2022,6768.0
New Zealand,Storm,2022,690.0
Afghanistan,Flood,2022,1379.0
Austria,Storm,2022,13.0
France,Storm,2022,33.0
Italy,Storm,2022,65.0
China,Flood,2022,6200.0
Cameroon,Mass movement (wet),2022,250.0
Egypt,Fire (Miscellaneous),2022,14.0
Venezuela (Bolivarian Republic of),Water,2022,29.0
Armenia,Explosion (Miscellaneous),2022,5062.0
India,Flood,2022,800000.0
TÃ¼rkiye,Road,2022,31.0
TÃ¼rkiye,Road,2022,26.0
Russian Federation,Road,2022,3.0
Mauritania,Flood,2022,28926.0
Philippines,Storm,2022,7616.0
Malawi,Epidemic,2022,59088.0
Sierra Leone,Flood,2022,12982.0
Indonesia,Road,2022,20.0
Iran (Islamic Republic of),Road,2022,8.0
China,Earthquake,2022,130400.0
Zimbabwe,Epidemic,2022,6551.0
Mexico,Flood,2022,2100.0
Republic of Korea,Storm,2022,36003.0
Mexico,Flood,2022,1050.0
Viet Nam,Fire (Miscellaneous),2022,17.0
Uganda,Mass movement (wet),2022,1196.0
Bulgaria,Flood,2022,10937.0
Brazil,Water,2022,71.0
Nepal,Flood,2022,511.0
Papua New Guinea,Earthquake,2022,1969.0
Lebanon,Epidemic,2022,803.0
Syrian Arab Republic,Epidemic,2022,2954.0
Indonesia,Earthquake,2022,6003.0
Canada,Storm,2022,4000.0
Dominican Republic,Storm,2022,1434802.0
Japan,Storm,2022,1340.0
Italy,Flood,2022,33.0
Taiwan (Province of China),Earthquake,2022,140.0
Philippines,Storm,2022,913945.0
Thailand,Storm,2022,2.0
Viet Nam,Storm,2022,54412.0
Cuba,Storm,2022,3200000.0
Viet Nam,Miscellaneous accident (General),2022,9.0
India,Road,2022,16.0
Mexico,Earthquake,2022,18005.0
Mexico,Earthquake,2022,17886.0
Japan,Storm,2022,13323.0
India,Road,2022,19.0
Guatemala,Road,2022,13.0
China,Fire (Miscellaneous),2022,3.0
Congo,Road,2022,37.0
Iran (Islamic Republic of),Earthquake,2022,12565.0
Thailand,Flood,2022,485908.0
Ghana,Flood,2022,5000.0
Nigeria,Epidemic,2022,5000.0
Indonesia,Flood,2022,40002.0
Haiti,Epidemic,2022,2898.0
Colombia,Storm,2022,5002.0
Costa Rica,Storm,2022,300000.0
Guatemala,Storm,2022,457311.0
Honduras,Storm,2022,144000.0
Nicaragua,Storm,2022,47100.0
El Salvador,Storm,2022,9273.0
Venezuela (Bolivarian Republic of),Mass movement (wet),2022,64951.0
South Sudan,Flood,2022,1000000.0
Uganda,Epidemic,2022,142.0
Mali,Flood,2022,79012.0
Honduras,Flood,2022,76657.0
Philippines,Storm,2022,7000.0
Cambodia,Flood,2022,167770.0
Viet Nam,Flood,2022,10000.0
Ethiopia,Epidemic,2022,20000.0
TÃ¼rkiye,Explosion (Industrial),2022,28.0
Colombia,Road,2022,15.0
Nigeria,Flood,2022,2802500.0
Mexico,Storm,2022,1000.0
Viet Nam,Storm,2022,436978.0
Sri Lanka,Flood,2022,61469.0
Australia,Flood,2022,102000.0
Philippines,Storm,2022,103602.0
Taiwan (Province of China),Storm,2022,100.0
Venezuela (Bolivarian Republic of),Mass movement (wet),2022,150.0
Russian Federation,Air,2022,43.0
Colombia,Flood,2022,167250.0
Philippines,Mass movement (wet),2022,11712.0
Sao Tome and Principe,Epidemic,2022,1187.0
Guinea,Flood,2022,49536.0
Indonesia,Flood,2022,203.0
Bangladesh,Storm,2022,1000000.0
Benin,Flood,2022,73000.0
France,Storm,2022,302.0
Mexico,Storm,2022,15000.0
Colombia,Flood,2022,44000.0
Indonesia,Water,2022,226.0
Uganda,Fire (Miscellaneous),2022,6.0
Philippines,Earthquake,2022,147422.0
Venezuela (Bolivarian Republic of),Storm,2022,30000.0
Philippines,Storm,2022,3323291.0
India,Collapse (Miscellaneous),2022,145.0
Republic of Korea,Miscellaneous accident (General),2022,150.0
Venezuela (Bolivarian Republic of),Flood,2022,2000.0
Ethiopia,Flood,2022,264831.0
Belize,Storm,2022,172150.0
Venezuela (Bolivarian Republic of),Flood,2022,900.0
Colombia,Mass movement (wet),2022,2018.0
Nepal,Earthquake,2022,30008.0
Indonesia,Flood,2022,4580.0
Malaysia,Flood,2022,3107.0
Thailand,Flood,2022,25605.0
United States of America,Storm,2022,1500.0
United States of America,Storm,2022,600.0
Indonesia,Flood,2022,7000.0
Algeria,Road,2022,3.0
Egypt,Road,2022,8.0
Togo,Flood,2022,18596.0
Colombia,Flood,2022,270.0
Democratic Republic of the Congo,Flood,2022,176000.0
Congo,Flood,2022,164679.0
Pakistan,Road,2022,14.0
Iraq,Explosion (Industrial),2022,13.0
Indonesia,Earthquake,2022,2204645.0
Panama,Flood,2022,150.0
China,Explosion (Industrial),2022,2.0
TÃ¼rkiye,Earthquake,2022,306.0
Italy,Mass movement (wet),2022,235.0
China,Fire (Miscellaneous),2022,9.0
Morocco,Road,2022,43.0
Nigeria,Road,2022,4.0
Indonesia,Flood,2022,12500.0
Brazil,Flood,2022,3000.0
Eswatini,Storm,2022,1058.0
Sri Lanka,Flood,2022,5478.0
Indonesia,Volcanic activity,2022,2489.0
South Africa,Flood,2022,56177.0
Colombia,Mass movement (wet),2022,6.0
Brazil,Flood,2022,17500.0
Viet Nam,Flood,2022,10495.0
Spain,Rail,2022,155.0
Ukraine,Road,2022,4.0
Sri Lanka,Storm,2022,6500.0
Mongolia,Extreme temperature,2022,29662.0
Cameroon,Epidemic,2022,13730.0
France,Fire (Miscellaneous),2022,19.0
Democratic Republic of the Congo,Flood,2022,84711.0
Afghanistan,Road,2022,37.0
United States of America,Earthquake,2022,12.0
Malaysia,Mass movement (wet),2022,94.0
Malaysia,Flood,2022,60000.0
Thailand,Flood,2022,630000.0
United States of America,Storm,2022,37.0
TÃ¼rkiye,Flood,2022,3000.0
Brazil,Flood,2022,16350.0
Japan,Storm,2022,130.0
Chile,Wildfire,2022,184.0
Bosnia and Herzegovina,Flood,2022,3000.0
Chile,Wildfire,2022,12867.0
India,Road,2022,4.0
Russian Federation,Fire (Miscellaneous),2022,6.0
Philippines,Flood,2022,600016.0
South Africa,Road,2022,37.0
Bolivia (Plurinational State of),Road,2022,23.0
Morocco,Water,2022,24.0
Malawi,Flood,2022,94185.0
Indonesia,Flood,2022,196745.0
Trinidad and Tobago,Flood,2022,100000.0
Indonesia,Flood,2022,3210.0
Saint Lucia,Flood,2022,5500.0
Uganda,Flood,2022,130.0
Kenya,Epidemic,2022,12123.0
Sierra Leone,Fire (Miscellaneous),2022,954.0
Mozambique,Flood,2022,78271.0
United States of America,Storm,2022,717.0
Marshall Islands,Drought,2022,4480.0
Ethiopia,Drought,2022,24100000.0
Cabo Verde,Drought,2022,46093.0
Niger,Drought,2022,4400000.0
Chad,Drought,2022,2135362.0
Djibouti,Drought,2022,192168.0
Uganda,Drought,2022,518000.0
China,Drought,2022,6100000.0
Burkina Faso,Drought,2022,3500928.0
Cameroon,Drought,2022,2389127.0
Central African Republic,Drought,2022,2221692.0
Democratic Republic of the Congo,Drought,2022,25972806.0
Malawi,Drought,2022,2678193.0
Mali,Drought,2022,1735753.0
Nigeria,Drought,2022,19110398.0
Sudan,Drought,2022,11839300.0
Uruguay,Drought,2022,409115.0
Philippines,Flood,2023,2143358.0
Nigeria,Water,2023,80.0
Indonesia,Earthquake,2023,4421.0
Colombia,Mass movement (wet),2023,700.0
Iran (Islamic Republic of),Earthquake,2023,41678.0
Ukraine,Air,2023,22.0
China,Road,2023,20.0
Madagascar,Storm,2023,90870.0
China,Mass movement (wet),2023,58.0
Serbia,Flood,2023,210.0
Brazil,Flood,2023,180.0
United States of America,Storm,2023,49.0
Syrian Arab Republic,Collapse (Miscellaneous),2023,4.0
Republic of Korea,Fire (Miscellaneous),2023,500.0
Australia,Flood,2023,477.0
Indonesia,Flood,2023,100000.0
Malaysia,Flood,2023,11000.0
Mozambique,Epidemic,2023,33544.0
Indonesia,Flood,2023,16700.0
New Zealand,Flood,2023,5400.0
Iran (Islamic Republic of),Earthquake,2023,262404.0
Chile,Wildfire,2023,10534.0
United States of America,Extreme temperature,2023,25.0
Syrian Arab Republic,Earthquake,2023,8808700.0
TÃ¼rkiye,Earthquake,2023,16107000.0
Bolivia (Plurinational State of),Flood,2023,188610.0
Zambia,Flood,2023,22000.0
Pakistan,Water,2023,5.0
Chad,Road,2023,7.0
Japan,Water,2023,14.0
China,Road,2023,66.0
Peru,Mass movement (wet),2023,6327.0
Zambia,Epidemic,2023,118.0
Guinea-Bissau,Fire (Miscellaneous),2023,2065.0
Indonesia,Earthquake,2023,2136.0
Mozambique,Flood,2023,89093.0
New Zealand,Storm,2023,10500.0
South Africa,Flood,2023,1000.0
South Africa,Road,2023,60.0
Panama,Road,2023,20.0
Equatorial Guinea,Epidemic,2023,16.0
Syrian Arab Republic,Earthquake,2023,470.0
TÃ¼rkiye,Earthquake,2023,294.0
Brazil,Flood,2023,4025.0
Philippines,Flood,2023,32764.0
Madagascar,Storm,2023,299000.0
Mozambique,Storm,2023,1231389.0
Mauritius,Storm,2023,2500.0
Malawi,Storm,2023,2269644.0
RÃ©union,Storm,2023,25000.0
China,Collapse (Industrial),2023,6.0
Namibia,Flood,2023,2190.0
Philippines,Flood,2023,215000.0
Italy,Water,2023,79.0
Algeria,Road,2023,25.0
Syrian Arab Republic,Earthquake,2023,150.0
TÃ¼rkiye,Earthquake,2023,200.0
Zambia,Flood,2023,154608.0
Lebanon,Extreme temperature,2023,1024200.0
Paraguay,Flood,2023,39000.0
Vanuatu,Storm,2023,251346.0
Malaysia,Flood,2023,46630.0
Indonesia,Mass movement (wet),2023,1208.0
Brazil,Flood,2023,750.0
Ecuador,Flood,2023,66764.0
Indonesia,Storm,2023,653.0
Vanuatu,Storm,2023,251356.0
Australia,Flood,2023,700.0
Bangladesh,Fire (Miscellaneous),2023,15015.0
Indonesia,Fire (Industrial),2023,60.0
United States of America,Storm,2023,551.0
Peru,Flood,2023,410000.0
Australia,Flood,2023,170.0
South Sudan,Epidemic,2023,178.0
Iran (Islamic Republic of),Miscellaneous accident (General),2023,3500.0
Gabon,Water,2023,124.0
Tunisia,Water,2023,54.0
Bangladesh,Explosion (Miscellaneous),2023,100.0
Bangladesh,Road,2023,12.0
Ecuador,Earthquake,2023,127416.0
Peru,Earthquake,2023,141.0
Afghanistan,Earthquake,2023,3345.0
Pakistan,Earthquake,2023,939.0
Brazil,Flood,2023,2400.0
Syrian Arab Republic,Flood,2023,2851.0
India,Storm,2023,14.0
Nigeria,Epidemic,2023,21511.0
Iran (Islamic Republic of),Earthquake,2023,239.0
Somalia,Flood,2023,100003.0
Pakistan,Flood,2023,50.0
Bolivia (Plurinational State of),Flood,2023,9960.0
United States of America,Storm,2023,7011.0
Ecuador,Mass movement (wet),2023,8444.0
Bolivia (Plurinational State of),Flood,2023,1500.0
Brazil,Flood,2023,15000.0
South Africa,Flood,2023,500.0
Mexico,Fire (Miscellaneous),2023,27.0
Saudi Arabia,Road,2023,29.0
Tunisia,Water,2023,4.0
Ethiopia,Flood,2023,240000.0
Kenya,Flood,2023,139164.0
Philippines,Water,2023,230.0
Papua New Guinea,Earthquake,2023,16274.0
United States of America,Storm,2023,6479.0
Morocco,Road,2023,27.0
Colombia,Flood,2023,4500.0
Somalia,Epidemic,2023,3428.0
Brazil,Flood,2023,3719.0
Brazil,Flood,2023,1152.0
United States of America,Storm,2023,266.0
Pakistan,Flood,2023,777.0
Belarus,Flood,2023,420.0
Latvia,Flood,2023,200.0
New Zealand,Storm,2023,303.0
Republic of Korea,Wildfire,2023,500.0
Tunisia,Water,2023,17.0
Italy,Water,2023,22.0
Peru,Flood,2023,124326.0
Burundi,Flood,2023,239.0
United States of America,Flood,2023,2000.0
United Republic of Tanzania,Flood,2023,24.0
Indonesia,Mass movement (wet),2023,130.0
Iran (Islamic Republic of),Storm,2023,400.0
China,Fire (Miscellaneous),2023,39.0
Brazil,Storm,2023,1050.0
India,Extreme temperature,2023,330.0
United Arab Emirates,Fire (Miscellaneous),2023,9.0
United Republic of Tanzania,Flood,2023,1976.0
Tajikistan,Earthquake,2023,2205.0
Peru,Storm,2023,45000.0
United States of America,Storm,2023,12.0
Cambodia,Storm,2023,14100.0
Ukraine,Flood,2023,2850.0
Philippines,Storm,2023,136149.0
Angola,Flood,2023,44450.0
Myanmar,Storm,2023,1280.0
Yemen,Miscellaneous accident (General),2023,322.0
TÃ¼rkiye,Storm,2023,554.0
Thailand,Storm,2023,22200.0
Sri Lanka,Storm,2023,910.0
Brazil,Flood,2023,9348.0
Kenya,Flood,2023,22500.0
Uganda,Flood,2023,1016.0
Viet Nam,Flood,2023,6540.0
Pakistan,Flood,2023,3.0
Rwanda,Flood,2023,51982.0
China,Earthquake,2023,8410.0
Italy,Flood,2023,500.0
Canada,Flood,2023,1000.0
Egypt,Road,2023,29.0
Japan,Earthquake,2023,2254.0
Canada,Wildfire,2023,30000.0
Democratic Republic of the Congo,Flood,2023,50220.0
India,Water,2023,6.0
China,Flood,2023,530000.0
Guatemala,Volcanic activity,2023,1054.0
Russian Federation,Wildfire,2023,15000.0
Sierra Leone,Storm,2023,17.0
Afghanistan,Flood,2023,1525.0
Italy,Flood,2023,46000.0
Bangladesh,Storm,2023,750012.0
India,Storm,2023,1000.0
Myanmar,Storm,2023,1200132.0
Somalia,Flood,2023,468000.0
Mongolia,Extreme temperature,2023,5100.0
Guam,Storm,2023,100000.0
Japan,Storm,2023,35.0
Philippines,Storm,2023,30501.0
Australia,Road,2023,20.0
Cameroon,Road,2023,3.0
Pakistan,Mass movement (wet),2023,25.0
Cameroon,Road,2023,20.0
Zambia,Road,2023,12.0
Croatia,Flood,2023,177.0
Bosnia and Herzegovina,Flood,2023,10000.0
France,Earthquake,2023,752.0
United States of America,Storm,2023,195.0
Brazil,Flood,2023,11100.0
Nepal,Flood,2023,1506.0
India,Extreme temperature,2023,460.0
India,Flood,2023,500000.0
India,Storm,2023,10000.0
United States of America,Storm,2023,612.0
Kazakhstan,Wildfire,2023,300.0
Cuba,Flood,2023,18500.0
Haiti,Flood,2023,225143.0
Ecuador,Flood,2023,14186.0
South Africa,Storm,2023,150.0
Iran (Islamic Republic of),Storm,2023,1050.0
Pakistan,Flood,2023,198.0
Philippines,Volcanic activity,2023,39024.0
China,Mass movement (wet),2023,900.0
India,Flood,2023,5.0
Barbados,Storm,2023,179.0
Saint Vincent and the Grenadines,Storm,2023,150.0
Chile,Flood,2023,21673.0
Guatemala,Flood,2023,4400005.0
Indonesia,Storm,2023,337.0
Ghana,Flood,2023,250.0
United States of America,Storm,2023,100.0
Indonesia,Earthquake,2023,1120.0
Yemen,Flood,2023,308183.0
Peru,Epidemic,2023,110000.0
Dominican Republic,Flood,2023,289083.0
Venezuela (Bolivarian Republic of),Flood,2023,112.0
India,Road,2023,8.0
Kenya,Road,2023,30.0
China,Explosion (Miscellaneous),2023,7.0
Canada,Road,2023,9.0
Greece,Water,2023,104.0
Mali,Road,2023,32.0
India,Rail,2023,1175.0
Serbia,Flood,2023,15432.0
Armenia,Storm,2023,18000.0
Georgia,Flood,2023,350000.0
Argentina,Flood,2023,38000.0
Gabon,Storm,2023,3000.0
Japan,Flood,2023,4218.0
China,Flood,2023,109000.0
Thailand,Flood,2023,7650.0
Nepal,Epidemic,2023,600.0
India,Flood,2023,10250000.0
Pakistan,Flood,2023,29175.0
Mexico,Road,2023,19.0
South Africa,Miscellaneous accident (General),2023,11.0
Brazil,Flood,2023,20000.0
Mongolia,Flood,2023,288738.0
Sri Lanka,Storm,2023,6631.0
Indonesia,Flood,2023,517.0
Republic of Korea,Flood,2023,10534.0
Greece,Wildfire,2023,19011.0
Philippines,Storm,2023,450.0
Viet Nam,Storm,2023,3.0
Colombia,Mass movement (wet),2023,106.0
Algeria,Road,2023,12.0
Niger,Flood,2023,169651.0
Italy,Storm,2023,110.0
India,Mass movement (wet),2023,200.0
Bosnia and Herzegovina,Storm,2023,20.0
Croatia,Storm,2023,6100.0
Serbia,Storm,2023,20.0
Slovenia,Storm,2023,3003.0
Afghanistan,Flood,2023,126024.0
China,Storm,2023,880039.0
Philippines,Storm,2023,5385237.0
Taiwan (Province of China),Storm,2023,68.0
Canada,Flood,2023,450.0
Switzerland,Storm,2023,15040.0
Algeria,Wildfire,2023,30026.0
Indonesia,Water,2023,6.0
Cameroon,Flood,2023,93260.0
Senegal,Road,2023,52.0
Russian Federation,Storm,2023,76.0
Viet Nam,Flood,2023,2175.0
South Africa,Fire (Miscellaneous),2023,2362.0
Japan,Storm,2023,41.0
Russian Federation,Storm,2023,13200.0
India,Collapse (Industrial),2023,3.0
Lao People's Democratic Republic,Flood,2023,110129.0
Slovenia,Flood,2023,1500120.0
China,Flood,2023,600000.0
Portugal,Wildfire,2023,1435.0
Mongolia,Flood,2023,1230.0
Bangladesh,Flood,2023,1000006.0
China,Flood,2023,134000.0
Myanmar,Flood,2023,48000.0
Viet Nam,Flood,2023,214535.0
China,Earthquake,2023,399.0
United States of America,Wildfire,2023,7695.0
Japan,Storm,2023,666.0
China,Storm,2023,867.0
France,Wildfire,2023,141.0
United States of America,Wildfire,2023,802.0
Chile,Flood,2023,32000.0
Democratic Republic of the Congo,Epidemic,2023,13881.0
India,Mass movement (wet),2023,605.0
India,Mass movement (wet),2023,2.0
Dominican Republic,Storm,2023,289083.0
Iran (Islamic Republic of),Road,2023,8.0
Madagascar,Miscellaneous accident (General),2023,107.0
Congo,Epidemic,2023,85992.0
China,Storm,2023,2.0
"China, Hong Kong Special Administrative Region",Storm,2023,86.0
Philippines,Storm,2023,900003.0
Pakistan,Flood,2023,89601.0
Kyrgyzstan,Epidemic,2023,3618.0
Guinea,Flood,2023,25072.0
Mauritania,Flood,2023,7200.0
Algeria,Flood,2023,1668.0
Spain,Flood,2023,6000.0
Bulgaria,Flood,2023,4000.0
Greece,Flood,2023,5260.0
TÃ¼rkiye,Flood,2023,31.0
Iraq,Road,2023,15.0
South Africa,Fire (Miscellaneous),2023,60.0
Mexico,Road,2023,36.0
Dominican Republic,Explosion (Miscellaneous),2023,59.0
Peru,Road,2023,5.0
Pakistan,Road,2023,16.0
Russian Federation,Explosion (Industrial),2023,80.0
Morocco,Earthquake,2023,845674.0
Indonesia,Flood,2023,14500.0
Argentina,Storm,2023,6000.0
Brazil,Storm,2023,341924.0
India,Storm,2023,1074.0
Japan,Storm,2023,3600.0
Libya,Storm,2023,1600000.0
Nigeria,Water,2023,30.0
"China, Hong Kong Special Administrative Region",Flood,2023,119.0
South Africa,Flood,2023,5000.0
Uzbekistan,Explosion (Industrial),2023,160.0
Greece,Storm,2023,250.0
India,Glacial lake outburst flood,2023,88400.0
Philippines,Storm,2023,275.0
Taiwan (Province of China),Storm,2023,190.0
Mexico,Road,2023,27.0
Mexico,Road,2023,25.0
Myanmar,Flood,2023,27335.0
Cameroon,Mass movement (wet),2023,2000.0
Viet Nam,Flood,2023,1900.0
Afghanistan,Earthquake,2023,569240.0
Peru,Road,2023,35.0
Benin,Fire (Miscellaneous),2023,20.0
Iraq,Fire (Miscellaneous),2023,150.0
Nepal,Earthquake,2023,36273.0
Sri Lanka,Flood,2023,244504.0
Iran (Islamic Republic of),Storm,2023,2017.0
Afghanistan,Earthquake,2023,140.0
Argentina,Wildfire,2023,800.0
Brazil,Flood,2023,26509.0
Nigeria,Flood,2023,1336.0
Mexico,Storm,2023,988000.0
Solomon Islands,Storm,2023,22319.0
Vanuatu,Storm,2023,91000.0
Somalia,Flood,2023,278000.0
Yemen,Storm,2023,90150.0
Bangladesh,Storm,2023,1500000.0
Ghana,Flood,2023,40864.0
Nigeria,Flood,2023,30000.0
El Salvador,Storm,2023,500.0
Zimbabwe,Epidemic,2023,4217.0
Costa Rica,Epidemic,2023,14403.0
Kenya,Flood,2023,695497.0
Nepal,Earthquake,2023,300366.0
France,Storm,2023,16.0
Italy,Storm,2023,1200.0
France,Storm,2023,517050.0
Spain,Wildfire,2023,800.0
Ethiopia,Flood,2023,1500000.0
Malaysia,Flood,2023,881.0
Honduras,Storm,2023,46658.0
Sri Lanka,Storm,2023,34800.0
Belgium,Flood,2023,3000.0
France,Flood,2023,3500.0
Philippines,Earthquake,2023,180.0
Somalia,Flood,2023,2480000.0
Mongolia,Storm,2023,669367.0
Brazil,Storm,2023,300.0
Iceland,Earthquake,2023,3665.0
Paraguay,Flood,2023,7675.0
Viet Nam,Storm,2023,80000.0
China,Fire (Miscellaneous),2023,51.0
India,Road,2023,18.0
Philippines,Earthquake,2023,99578.0
Dominican Republic,Flood,2023,22236.0
Guatemala,Mass movement (wet),2023,123325.0
Democratic Republic of the Congo,Flood,2023,3620.0
Uruguay,Flood,2023,3472.0
Congo,Miscellaneous accident (General),2023,145.0
Peru,Road,2023,6.0
Mexico,Road,2023,58.0
Brazil,Flood,2023,194063.0
Bolivia (Plurinational State of),Flood,2023,8900.0
Sri Lanka,Storm,2023,2003.0
United States of America,Flood,2023,126.0
Seychelles,Explosion (Industrial),2023,178.0
Philippines,Earthquake,2023,721076.0
India,Storm,2023,4390000.0
Venezuela (Bolivarian Republic of),Road,2023,6.0
Philippines,Road,2023,7.0
Honduras,Road,2023,30.0
United Republic of Tanzania,Mass movement (wet),2023,6341.0
Thailand,Road,2023,32.0
Philippines,Flood,2023,1157488.0
Indonesia,Flood,2023,17750.0
Bulgaria,Storm,2023,36.0
Republic of Moldova,Storm,2023,10.0
Ukraine,Storm,2023,23.0
South Africa,Industrial accident (General),2023,75.0
United Republic of Tanzania,Flood,2023,2896500.0
Burundi,Flood,2023,9312.0
Colombia,Flood,2023,41088.0
Fiji,Storm,2023,230000.0
India,Storm,2023,25.0
Peru,Flood,2023,168.0
Australia,Flood,2023,390.0
Indonesia,Volcanic activity,2023,87.0
Jordan,Extreme temperature,2023,2000.0
Central African Republic,Storm,2023,6066.0
United States of America,Storm,2023,2041.0
Australia,Storm,2023,300.0
Chile,Wildfire,2023,382.0
Argentina,Storm,2023,8020.0
Guinea,Explosion (Industrial),2023,19559.0
China,Earthquake,2023,600980.0
China,Rail,2023,102.0
Philippines,Storm,2023,425867.0
United States of America,Storm,2023,69.0
Angola,Flood,2023,26460.0
South Africa,Storm,2023,1217.0
China,Industrial accident (General),2023,13.0
Indonesia,Volcanic activity,2023,2229.0
Nicaragua,Road,2023,40.0
Indonesia,Explosion (Industrial),2023,46.0
Malaysia,Flood,2023,25676.0
Thailand,Flood,2023,241473.0
South Africa,Flood,2023,1800.0
Australia,Storm,2023,2100.0
Democratic Republic of the Congo,Flood,2023,5.0
Liberia,Road,2023,30.0
France,Flood,2023,6050.0
Zambia,Epidemic,2023,20102.0
Congo,Flood,2023,321000.0
Lesotho,Storm,2023,968.0
Somalia,Epidemic,2023,4956.0
Maldives,Epidemic,2023,455.0
Cabo Verde,Epidemic,2023,4002.0
Malaysia,Epidemic,2023,123133.0
Honduras,Drought,2023,10300.0
Spain,Drought,2023,26000.0
Lesotho,Drought,2023,699049.0
Indonesia,Drought,2023,18750000.0
Uruguay,Drought,2023,409115.0
Brazil,Drought,2023,608000.0
Bolivia (Plurinational State of),Drought,2023,2050000.0
Micronesia (Federated States of),Drought,2023,113000.0
Mozambique,Drought,2023,3300000.0
Botswana,Drought,2023,37000.0
Japan,Earthquake,2024,492555.0
Madagascar,Storm,2024,25837.0
United States of America,Storm,2024,11.0
Sri Lanka,Flood,2024,175000.0
Mauritius,Storm,2024,100000.0
RÃ©union,Storm,2024,700.0
Colombia,Mass movement (wet),2024,19.0
Brazil,Flood,2024,62000.0
South Africa,Flood,2024,756.0
Bolivia (Plurinational State of),Flood,2024,2506.0
Syrian Arab Republic,Flood,2024,9700.0
Philippines,Flood,2024,1228014.0
Bangladesh,Fire (Miscellaneous),2024,700.0
China,Fire (Miscellaneous),2024,1.0
China,Mass movement (wet),2024,500.0
China,Earthquake,2024,12572.0
Kazakhstan,Earthquake,2024,67.0
Brazil,Storm,2024,600.0
Philippines,Mass movement (wet),2024,1567350.0
South Africa,Wildfire,2024,250.0
Brazil,Flood,2024,117000.0
Peru,Storm,2024,149.0
Chile,Wildfire,2024,40778.0
Philippines,Mass movement (wet),2024,1400032.0
Japan,Storm,2024,240.0
United States of America,Storm,2024,86.0
Ecuador,Flood,2024,117498.0
India,Explosion (Industrial),2024,150.0
Kenya,Explosion (Miscellaneous),2024,280.0
Lebanon,Extreme temperature,2024,2975000.0
Marshall Islands,Storm,2024,19532.0
South Africa,Storm,2024,7813.0
United Arab Emirates,Flood,2024,346.0
Oman,Flood,2024,191.0
Cyprus,Flood,2024,469.0
TÃ¼rkiye,Flood,2024,900.0
China,Fire (Miscellaneous),2024,44.0
Spain,Fire (Miscellaneous),2024,15.0
Mexico,Road,2024,22.0
United Republic of Tanzania,Road,2024,21.0
Mali,Road,2024,46.0
Afghanistan,Mass movement (wet),2024,158.0
Brazil,Flood,2024,550.0
Indonesia,Flood,2024,25502.0
Peru,Flood,2024,346.0
Brazil,Storm,2024,28855.0
Bolivia (Plurinational State of),Flood,2024,150.0
Thailand,Storm,2024,1400.0
Brazil,Flood,2024,291.0
Afghanistan,Flood,2024,3152.0
Iran (Islamic Republic of),Flood,2024,258387.0
Pakistan,Flood,2024,3232.0
Argentina,Flood,2024,400000.0
Malawi,Flood,2024,14004.0
Burundi,Storm,2024,655.0
United States of America,Wildfire,2024,339.0
France,Storm,2024,1.0
Italy,Storm,2024,3.0
Indonesia,Mass movement (wet),2024,500012.0
Bangladesh,Fire (Miscellaneous),2024,40.0
Honduras,Road,2024,12.0
Mali,Road,2024,10.0
Uruguay,Flood,2024,100000.0
Iraq,Flood,2024,18017.0
Democratic Republic of the Congo,Storm,2024,527.0
Argentina,Storm,2024,400006.0
Afghanistan,Extreme temperature,2024,327422.0
Algeria,Flood,2024,1000.0
Bolivia (Plurinational State of),Flood,2024,3990.0
India,Storm,2024,22932.0
Kenya,Flood,2024,306708.0
Brazil,Flood,2024,7708.0
Papua New Guinea,Earthquake,2024,5002.0
Indonesia,Earthquake,2024,144522.0
Cuba,Storm,2024,270000.0
China,Wildfire,2024,4900.0
Chile,Wildfire,2024,126.0
Peru,Flood,2024,203.0
Mozambique,Storm,2024,93325.0
Madagascar,Storm,2024,89469.0
United States of America,Storm,2024,70.0
Afghanistan,Flood,2024,1920.0
France,Flood,2024,750.0
South Africa,Fire (Miscellaneous),2024,2000.0
TÃ¼rkiye,Fire (Miscellaneous),2024,1.0
South Africa,Road,2024,1.0
Taiwan (Province of China),Earthquake,2024,2369.0
Pakistan,Storm,2024,17594.0
Brazil,Flood,2024,2323.0
Nigeria,Storm,2024,507.0
Bolivia (Plurinational State of),Road,2024,2.0
Kazakhstan,Flood,2024,120000.0
Russian Federation,Flood,2024,38400.0
Australia,Flood,2024,206.0
Mozambique,Water,2024,12.0
United Republic of Tanzania,Flood,2024,200236.0
Indonesia,Flood,2024,3132.0
United States of America,Flood,2024,226.0
South Africa,Storm,2024,13895.0
Kenya,Flood,2024,15002.0
Pakistan,Road,2024,41.0
Djibouti,Water,2024,22.0
Indonesia,Mass movement (wet),2024,2.0
Oman,Flood,2024,1200.0
Indonesia,Volcanic activity,2024,8500.0
Guatemala,Wildfire,2024,200.0
Uganda,Flood,2024,57804.0
Burundi,Flood,2024,237175.0
Iran (Islamic Republic of),Flood,2024,46000.0
China,Flood,2024,110006.0
Somalia,Flood,2024,226000.0
Thailand,Storm,2024,3418.0
Bosnia and Herzegovina,Epidemic,2024,1749.0
Bangladesh,Extreme temperature,2024,33000000.0
India,Extreme temperature,2024,25000.0
Indonesia,Flood,2024,51812.0
Kyrgyzstan,Flood,2024,103901.0
Senegal,Road,2024,54.0
Guinea,Road,2024,52.0
Chad,Flood,2024,3805.0
Indonesia,Earthquake,2024,2812.0
Pakistan,Storm,2024,309.0
Indonesia,Mass movement (wet),2024,6.0
China,Storm,2024,456.0
United States of America,Storm,2024,1165.0
Peru,Road,2024,13.0
Democratic Republic of the Congo,Flood,2024,2190000.0
Argentina,Flood,2024,2400.0
Brazil,Flood,2024,2399061.0
China,Mass movement (wet),2024,30.0
Rwanda,Flood,2024,27.0
Viet Nam,Storm,2024,8320.0
Myanmar,Extreme temperature,2024,100.0
Philippines,Extreme temperature,2024,34.0
Pakistan,Road,2024,21.0
Indonesia,Mass movement (wet),2024,17395.0
Haiti,Mass movement (wet),2024,11200.0
India,Storm,2024,77000.0
Yemen,Flood,2024,39123.0
Kyrgyzstan,Flood,2024,500.0
Tajikistan,Flood,2024,40.0
Afghanistan,Flood,2024,258422.0
South Africa,Collapse (Industrial),2024,29.0
Canada,Wildfire,2024,3500.0
Indonesia,Flood,2024,3337.0
India,Storm,2024,75.0
Thailand,Storm,2024,1300.0
Viet Nam,Storm,2024,2128.0
Uruguay,Flood,2024,3588.0
United States of America,Storm,2024,125.0
Honduras,Fire (Miscellaneous),2024,55571.0
Sri Lanka,Flood,2024,235902.0
Germany,Flood,2024,3407.0
South Africa,Flood,2024,46620.0
Papua New Guinea,Mass movement (wet),2024,7849.0
Afghanistan,Flood,2024,39005.0
Peru,Road,2024,16.0
United States of America,Storm,2024,335.0
United Republic of Tanzania,Explosion (Industrial),2024,2.0
Viet Nam,Fire (Miscellaneous),2024,3.0
Armenia,Flood,2024,429.0
TÃ¼rkiye,Road,2024,40.0
Bangladesh,Storm,2024,4590013.0
India,Storm,2024,2109643.0
India,Road,2024,50.0
Philippines,Volcanic activity,2024,29137.0
Indonesia,Flood,2024,15400.0
Indonesia,Volcanic activity,2024,2011.0
Philippines,Storm,2024,52008.0
Indonesia,Mass movement (wet),2024,1750.0
United States of America,Storm,2024,182.0
Ethiopia,Flood,2024,181548.0
Bangladesh,Fire (Miscellaneous),2024,1118.0
Colombia,Storm,2024,7806.0
Mexico,Extreme temperature,2024,2567.0
Belize,Wildfire,2024,800.0
Iran (Islamic Republic of),Flood,2024,450.0
Viet Nam,Flood,2024,9628.0
Chile,Flood,2024,6393.0
Guatemala,Flood,2024,606115.0
Kuwait,Fire (Miscellaneous),2024,40.0
Yemen,Water,2024,71.0
CÃ´te dâIvoire,Flood,2024,227.0
Ecuador,Mass movement (wet),2024,3629.0
Niger,Flood,2024,1527058.0
Iran (Islamic Republic of),Earthquake,2024,120.0
Viet Nam,Storm,2024,401.0
El Salvador,Storm,2024,8570.0
Chile,Storm,2024,26820.0
Bangladesh,Flood,2024,5130000.0
India,Flood,2024,2100000.0
Guatemala,Storm,2024,14400.0
Honduras,Storm,2024,1500.0
United States of America,Wildfire,2024,1502.0
Saudi Arabia,Extreme temperature,2024,2764.0
Italy,Water,2024,11.0
Brazil,Road,2024,42.0
Barbados,Storm,2024,2500.0
Grenada,Storm,2024,7008.0
Jamaica,Storm,2024,160060.0
United States of America,Storm,2024,207.0
Saint Vincent and the Grenadines,Storm,2024,15000.0
Venezuela (Bolivarian Republic of),Storm,2024,29000.0
China,Storm,2024,9083.0
Mauritania,Water,2024,9.0
Nepal,Flood,2024,2734.0
Myanmar,Flood,2024,106792.0
CÃ´te dâIvoire,Poisoning,2024,185.0
Pakistan,Extreme temperature,2024,7905.0
New Zealand,Storm,2024,1200.0
Republic of Korea,Flood,2024,3500.0
Mexico,Storm,2024,20000.0
Peru,Earthquake,2024,9063.0
United States of America,Flood,2024,6000.0
Nepal,Mass movement (wet),2024,13.0
Viet Nam,Mass movement (wet),2024,234.0
India,Flood,2024,1000020.0
Pakistan,Flood,2024,551768.0
China,Flood,2024,7000.0
Afghanistan,Flood,2024,10005.0
Kyrgyzstan,Flood,2024,3000.0
Afghanistan,Road,2024,34.0
Nigeria,Collapse (Miscellaneous),2024,69.0
South Africa,Road,2024,7.0
Philippines,Road,2024,26.0
India,Road,2024,19.0
Liberia,Flood,2024,51000.0
Peru,Road,2024,14.0
Ethiopia,Mass movement (wet),2024,15527.0
Burkina Faso,Flood,2024,7684.0
Haiti,Water,2024,41.0
Bolivia (Plurinational State of),Road,2024,16.0
Canada,Storm,2024,20.0
Philippines,Storm,2024,6498934.0
Taiwan (Province of China),Storm,2024,902.0
Mauritania,Water,2024,103.0
Nepal,Air,2024,1.0
Japan,Flood,2024,13.0
Ethiopia,Water,2024,7.0
China,Mass movement (wet),2024,6.0
Mali,Road,2024,48.0
Sudan,Flood,2024,317107.0
India,Mass movement (wet),2024,3091.0
Democratic People's Republic of Korea,Flood,2024,4200.0
Russian Federation,Rail,2024,100.0
China,Flood,2024,2700.0
Senegal,Road,2024,8.0
Bolivia (Plurinational State of),Wildfire,2024,25335.0
China,Flood,2024,939.0
Chad,Flood,2024,1941869.0
Yemen,Flood,2024,171316.0
Philippines,Earthquake,2024,24000.0
Uganda,Mass movement (wet),2024,1014.0
Greece,Wildfire,2024,900.0
Afghanistan,Epidemic,2024,41330.0
Nepal,Glacial lake outburst flood,2024,135.0
Panama,Epidemic,2024,29229.0
Guinea,Flood,2024,176000.0
Iran (Islamic Republic of),Road,2024,23.0
Sudan,Epidemic,2024,57447.0
Bolivia (Plurinational State of),Road,2024,18.0
Bangladesh,Flood,2024,5820000.0
India,Flood,2024,1700000.0
India,Mass movement (wet),2024,90.0
Thailand,Flood,2024,38350.0
India,Explosion (Industrial),2024,34.0
Nigeria,Flood,2024,1377411.0
Lao People's Democratic Republic,Flood,2024,185843.0
Indonesia,Flood,2024,615.0
India,Flood,2024,8007173.0
Cameroon,Flood,2024,500008.0
Yemen,Flood,2024,1075.0
Japan,Storm,2024,6727.0
Austria,Storm,2024,2220.0
Czechia,Storm,2024,250000.0
Italy,Storm,2024,1000.0
Poland,Storm,2024,57000.0
Romania,Storm,2024,15000.0
China,Storm,2024,95.0
Lao People's Democratic Republic,Storm,2024,51440.0
Myanmar,Storm,2024,1000048.0
Philippines,Storm,2024,3000022.0
Thailand,Storm,2024,100.0
Viet Nam,Storm,2024,3601978.0
Morocco,Flood,2024,168.0
Nigeria,Flood,2024,414058.0
Iran (Islamic Republic of),Explosion (Industrial),2024,20.0
Portugal,Wildfire,2024,41499.0
Iran (Islamic Republic of),Road,2024,41.0
Sierra Leone,Collapse (Miscellaneous),2024,16.0
Nigeria,Road,2024,48.0
Mexico,Mass movement (wet),2024,132.0
Philippines,Storm,2024,203011.0
Nigeria,Water,2024,12.0
Haiti,Explosion (Miscellaneous),2024,40.0
United States of America,Wildfire,2024,132.0
Algeria,Flood,2024,11000.0
South Sudan,Flood,2024,1400000.0
Senegal,Road,2024,22.0
Lao People's Democratic Republic,Water,2024,16.0
China,Road,2024,1.0
Japan,Storm,2024,612.0
Mexico,Storm,2024,3150.0
Indonesia,Earthquake,2024,2875.0
Nepal,Flood,2024,2590178.0
Philippines,Storm,2024,95013.0
Viet Nam,Storm,2024,1850.0
Rwanda,Epidemic,2024,45.0
Indonesia,Mass movement (wet),2024,36.0
Peru,Wildfire,2024,1885.0
Mali,Flood,2024,380154.0
Afghanistan,Water,2024,4.0
Iran (Islamic Republic of),Road,2024,14.0
Thailand,Road,2024,21.0
Tunisia,Water,2024,29.0
Canary Islands,Water,2024,27.0
Philippines,Storm,2024,219008.0
Taiwan (Province of China),Storm,2024,500.0
Bosnia and Herzegovina,Flood,2024,5000.0
Bangladesh,Flood,2024,238931.0
Democratic Republic of the Congo,Water,2024,58.0
Nigeria,Water,2024,150.0
United States of America,Storm,2024,1013.0
Cameroon,Road,2024,10.0
Djibouti,Water,2024,115.0
Sri Lanka,Storm,2024,155761.0
Australia,Storm,2024,4402.0
Nigeria,Road,2024,70.0
TÃ¼rkiye,Earthquake,2024,1717.0
Egypt,Road,2024,33.0
France,Flood,2024,2485.0
Sierra Leone,Flood,2024,23596.0
Philippines,Storm,2024,9652739.0
Viet Nam,Storm,2024,143429.0
India,Storm,2024,3810012.0
Cuba,Storm,2024,320000.0
South Africa,Flood,2024,3090.0
Senegal,Flood,2024,55600.0
United States of America,Flood,2024,338.0
Mexico,Storm,2024,3900.0
Spain,Flood,2024,36115.0
India,Explosion (Miscellaneous),2024,154.0
Mexico,Road,2024,6.0
Taiwan (Province of China),Storm,2024,690.0
Mexico,Explosion (Industrial),2024,1.0
South Sudan,Epidemic,2024,29304.0
India,Road,2024,3.0
Uganda,Storm,2024,34.0
Indonesia,Volcanic activity,2024,11511.0
United States of America,Storm,2024,539.0
Algeria,Epidemic,2024,651.0
Panama,Storm,2024,3895.0
Comoros,Water,2024,5.0
Togo,Flood,2024,12700.0
Cuba,Storm,2024,4000000.0
Philippines,Storm,2024,375001.0
United States of America,Wildfire,2024,1116.0
Philippines,Storm,2024,310002.0
Peru,Road,2024,1.0
Colombia,Volcanic activity,2024,335.0
Colombia,Storm,2024,254253.0
Central African Republic,Flood,2024,2700.0
Spain,Flood,2024,500.0
Pakistan,Road,2024,1.0
Yemen,Flood,2024,655646.0
Yemen,Epidemic,2024,186000.0
Burundi,Epidemic,2024,3543.0
Uganda,Epidemic,2024,3391.0
Cuba,Earthquake,2024,6007.0
Madagascar,Mass movement (dry),2024,10.0
Spain,Fire (Miscellaneous),2024,2.0
Philippines,Storm,2024,3967014.0
Dominican Republic,Flood,2024,15000.0
Haiti,Flood,2024,17790.0
Belize,Storm,2024,162.0
Costa Rica,Storm,2024,3418.0
Guatemala,Storm,2024,50240.0
Honduras,Storm,2024,127716.0
El Salvador,Storm,2024,480.0
Indonesia,Flood,2024,1000.0
Democratic Republic of the Congo,Mass movement (wet),2024,193.0
France,Storm,2024,26.0
United Kingdom of Great Britain and Northern Ireland,Storm,2024,750.0
Madagascar,Water,2024,48.0
Philippines,Fire (Miscellaneous),2024,5000.0
Peru,Road,2024,18.0
Brazil,Road,2024,20.0
Bolivia (Plurinational State of),Flood,2024,376.0
Syrian Arab Republic,Wildfire,2024,15000.0
Costa Rica,Flood,2024,1098668.0
United Republic of Tanzania,Flood,2024,140.0
Sri Lanka,Storm,2024,441392.0
Thailand,Flood,2024,737000.0
Uganda,Mass movement (wet),2024,30022.0
Kenya,Flood,2024,3970.0
Brazil,Storm,2024,200.0
Philippines,Volcanic activity,2024,44053.0
United States of America,Wildfire,2024,150.0
Indonesia,Flood,2024,10160.0
Haiti,Flood,2024,155025.0
Malawi,Flood,2024,48828.0
Libya,Flood,2024,3335.0
Comoros,Storm,2024,64155.0
Madagascar,Storm,2024,135838.0
Mozambique,Storm,2024,454839.0
Malawi,Storm,2024,45191.0
Mayotte,Storm,2024,231373.0
Vanuatu,Earthquake,2024,80265.0
Italy,Water,2024,1.0
Ecuador,Road,2024,8.0
Tunisia,Water,2024,5.0
Viet Nam,Miscellaneous accident (General),2024,2.0
Bolivia (Plurinational State of),Road,2024,3.0
Brazil,Road,2024,9.0
Nigeria,Miscellaneous accident (General),2024,8.0
Republic of Korea,Air,2024,2.0
Ethiopia,Road,2024,2.0
Spain,Water,2024,11.0
TÃ¼rkiye,Explosion (Industrial),2024,5.0
Haiti,Flood,2024,1015.0
Botswana,Storm,2024,105000.0
Tunisia,Water,2024,83.0
Gabon,Flood,2024,13400.0
Angola,Epidemic,2024,8543.0
Mozambique,Epidemic,2024,1773.0
Zambia,Epidemic,2025,158.0
Zimbabwe,Epidemic,2024,579.0
Japan,Extreme temperature,2024,37000.0
Republic of Korea,Extreme temperature,2024,2570.0
United Republic of Tanzania,Storm,2024,7775.0
Benin,Flood,2024,34052.0
Colombia,Drought,2024,1143043.0
Zambia,Drought,2024,9800000.0
Marshall Islands,Drought,2024,13924.0
Malawi,Drought,2024,6100000.0
Zimbabwe,Drought,2024,7600000.0
Viet Nam,Drought,2024,266000.0
Namibia,Drought,2024,1655000.0
Grenada,Drought,2024,100000.0
Angola,Drought,2024,2800000.0
United States of America,Storm,2025,31.0
China,Earthquake,2025,46688.0
Nepal,Earthquake,2025,83.0
Madagascar,Storm,2025,7028.0
Mozambique,Storm,2025,283338.0
Yemen,Explosion (Miscellaneous),2025,100.0
Brazil,Mass movement (wet),2025,3700.0
Ethiopia,Earthquake,2025,99000.0
Argentina,Wildfire,2025,1500.0
Nigeria,Explosion (Industrial),2025,52.0
Indonesia,Mass movement (wet),2025,13.0
Yemen,Water,2025,16.0
CÃ´te dâIvoire,Road,2025,23.0
Australia,Wildfire,2025,260.0
France,Storm,2025,1902.0
Chile,Wildfire,2025,500.0
Brazil,Flood,2025,400.0
India,Miscellaneous accident (General),2025,90.0
Ethiopia,Road,2025,14.0
Nigeria,Road,2025,13.0
Bolivia (Plurinational State of),Road,2025,9.0
Malaysia,Flood,2025,12500.0
Brazil,Storm,2025,130.0
Australia,Flood,2024,6000.0
Guinea-Bissau,Fire (Miscellaneous),2025,450.0
Guinea-Bissau,Fire (Miscellaneous),2025,224.0
Bolivia (Plurinational State of),Flood,2025,2965115.0
Philippines,Flood,2025,123000.0
Nigeria,Road,2025,48.0
India,Miscellaneous accident (General),2025,11.0
Mexico,Road,2025,9.0
Nigeria,Fire (Miscellaneous),2025,17.0
Kenya,Collapse (Industrial),2025,8.0
United States of America,Storm,2025,1045.0
Madagascar,Flood,2025,3688.0
Bolivia (Plurinational State of),Road,2025,15.0
Botswana,Flood,2025,8259.0
Peru,Flood,2025,150.0
Malaysia,Flood,2025,251.0
Sudan,Air,2025,10.0
Nigeria,Road,2025,6.0
Brazil,Road,2025,21.0
Afghanistan,Flood,2025,44.0
Ecuador,Storm,2025,189298.0
Colombia,Storm,2025,20000.0
Japan,Wildfire,2025,252.0
Chad,Fire (Miscellaneous),2025,754.0
Peru,Flood,2025,57000.0
Georgia,Storm,2025,28870.0
India,Mass movement (wet),2025,219.0
RÃ©union,Storm,2025,606.0
China,Water,2025,3.0
Bolivia (Plurinational State of),Road,2025,30.0
Indonesia,Flood,2025,78006.0
Madagascar,Storm,2025,50254.0
Bolivia (Plurinational State of),Road,2025,22.0
Ecuador,Storm,2025,157663.0
Madagascar,Storm,2025,15001.0
Mozambique,Storm,2025,385135.0
Malawi,Storm,2025,20652.0
Argentina,Flood,2025,236700.0
Colombia,Mass movement (wet),2025,200.0
South Africa,Road,2025,45.0
Mexico,Road,2025,10.0
Malaysia,Flood,2025,4555.0
Thailand,Storm,2025,4231.0
United States of America,Storm,2025,2878.0
Italy,Flood,2025,250.0
Syrian Arab Republic,Explosion (Industrial),2025,14.0
North Macedonia,Fire (Miscellaneous),2025,150.0
Ecuador,Oil spill,2025,500000.0
Indonesia,Flood,2025,2000.0
Peru,Flood,2025,7966.0
Republic of Korea,Wildfire,2025,12089.0
Mexico,Road,2025,4.0
Japan,Wildfire,2025,2802.0
India,Storm,2025,3067.0
China,Earthquake,2025,2840.0
Myanmar,Earthquake,2025,287614.0
Thailand,Earthquake,2025,2351.0
Malawi,Flood,2025,181270.0
Iraq,Flood,2025,30000.0
Bosnia and Herzegovina,Flood,2025,3000.0
Malaysia,Fire (Industrial),2025,682.0
India,Explosion (Industrial),2025,5.0
United States of America,Storm,2025,196.0
Sierra Leone,Wildfire,2025,4180.0
Democratic Republic of the Congo,Flood,2025,60240.0
Tajikistan,Earthquake,2025,145.0
Nepal,Storm,2025,12.0
Indonesia,Flood,2025,6665.0
United States of America,Storm,2025,995.0
Viet Nam,Storm,2025,325.0
Brazil,Flood,2025,380.0
Dominican Republic,Collapse (Miscellaneous),2025,12.0
Brazil,Road,2025,18.0
Iraq,Storm,2025,2751.0
Kyrgyzstan,Epidemic,2025,4055.0
Democratic Republic of the Congo,Water,2025,195.0
TÃ¼rkiye,Earthquake,2025,236.0
Indonesia,Flood,2025,12000.0
India,Storm,2025,2502.0
Ecuador,Earthquake,2025,3081.0
Somalia,Flood,2025,45000.0
Iran (Islamic Republic of),Explosion (Miscellaneous),2025,1072.0
Israel,Wildfire,2025,23.0
Philippines,Volcanic activity,2025,110000.0
Viet Nam,Storm,2025,179.0
Thailand,Storm,2025,7350.0
India,Fire (Miscellaneous),2025,12.0
China,Fire (Miscellaneous),2025,3.0
Pakistan,Explosion (Industrial),2025,40.0
South Africa,Road,2025,5.0
China,Water,2025,70.0
India,Storm,2025,51.0
Somalia,Flood,2025,84010.0
Democratic Republic of the Congo,Flood,2025,10028.0
Bangladesh,Storm,2025,4.0
Thailand,Flood,2025,1244.0
Algeria,Flood,2025,100.0
United States of America,Storm,2025,15108.0
Somalia,Drought,2025,4400000.0
Kenya,Drought,2025,2150000.0
